corte,horizonte,modelo,MAE,RMSE,n
1,1,SGD,5.380257082067543,11.179574114110219,2156
1,1,persistencia,7.569587910396004,18.263156781820168,2156
1,2,SGD,6.7778013440517455,13.124134592473737,2156
1,2,persistencia,7.569054257719743,18.26313802408579,2156
1,3,SGD,7.781697423913746,14.079633514613041,2156
1,3,persistencia,7.565007730901332,18.26190558678612,2156
1,4,SGD,8.423622423103618,13.938457675002974,2156
1,4,persistencia,7.566747958883256,18.26297830127338,2156
1,5,SGD,8.876703927461199,14.145848368491423,2156
1,5,persistencia,7.573432331894337,18.267965406097368,2156
1,6,SGD,9.155538964321128,14.154657958620737,2156
1,6,persistencia,7.578721950738531,18.273335261159833,2156
1,7,SGD,8.93738783103202,14.062539416382053,2156
1,7,persistencia,7.576579400449853,18.271610469652575,2156
1,8,SGD,8.689255016781267,13.901590218937246,2156
1,8,persistencia,7.575067451591071,18.270136392948643,2156
1,9,SGD,8.70258305895624,13.916745166184532,2156
1,9,persistencia,7.5673292705196396,18.26467536757733,2156
1,10,SGD,8.718111235378215,13.9655524939204,2156
1,10,persistencia,7.558845685930671,18.258467938547383,2156
1,11,SGD,8.758534532375862,13.981629991605862,2156
1,11,persistencia,7.54832572689034,18.251116168277683,2156
1,12,SGD,8.998267497778782,14.056196237540817,2156
1,12,persistencia,7.536921217764754,18.242421751248934,2156
1,13,SGD,8.667947819545065,13.900823808707106,2156
1,13,persistencia,7.525668027446927,18.23310612284586,2156
1,14,SGD,8.522093379164993,13.845687430745766,2156
1,14,persistencia,7.516576050803893,18.226887959171222,2156
1,15,SGD,8.790140727260392,14.033821152961442,2156
1,15,persistencia,7.506638175899973,18.220818687061303,2156
1,16,SGD,8.499693060904452,13.972826360956965,2156
1,16,persistencia,7.492970976637453,18.209363827579292,2156
1,17,SGD,7.951321465967105,14.21014463312929,2156
1,17,persistencia,7.478419227289678,18.196757001279593,2156
1,18,SGD,7.725563015453824,14.197405678514329,2156
1,18,persistencia,7.465008283453435,18.18530022729367,2156
1,19,SGD,8.05200015633217,13.989469109912985,2156
1,19,persistencia,7.450921509383514,18.17296489689196,2156
1,20,SGD,7.501566254654096,13.617794171425505,2156
1,20,persistencia,7.439954514232669,18.159820953897,2156
1,21,SGD,7.911060120234481,13.762419084458072,2156
1,21,persistencia,7.442264997444311,18.161715652217865,2156
1,22,SGD,7.3601880814161404,13.50833219636668,2156
1,22,persistencia,7.4360224086164655,18.15271493714597,2156
1,23,SGD,7.9082241095980885,13.424658378267074,2156
1,23,persistencia,7.420940724248818,18.135917858005488,2156
1,24,SGD,7.828642655479506,13.48644191133217,2156
1,24,persistencia,7.403320191713049,18.11563776197624,2156
2,1,SGD,8.732311892859027,18.130558504969915,1650
2,1,persistencia,14.611853535353536,29.04670532087868,1650
2,2,SGD,10.425907151637913,20.868026238774974,1650
2,2,persistencia,14.61279292929293,29.046732541046563,1650
2,3,SGD,11.797652690830754,23.10902230057997,1650
2,3,persistencia,14.612065656565656,29.046717518229496,1650
2,4,SGD,12.339046910434947,23.867263684348494,1650
2,4,persistencia,14.604106060606062,29.04491801601245,1650
2,5,SGD,12.58741521722612,24.29592391006968,1650
2,5,persistencia,14.591479797979797,29.040389381322647,1650
2,6,SGD,13.012769450489293,24.542366775858522,1650
2,6,persistencia,14.576853535353536,29.034252567490764,1650
2,7,SGD,13.164486848362131,24.65679742251018,1650
2,7,persistencia,14.569338383838383,29.032647731029563,1650
2,8,SGD,13.2242311827693,24.57335375541942,1650
2,8,persistencia,14.559661616161616,29.029914489783764,1650
2,9,SGD,13.219153248182327,24.592477103854304,1650
2,9,persistencia,14.557843434343434,29.029723463634063,1650
2,10,SGD,13.252064577051515,24.54684871479139,1650
2,10,persistencia,14.556863636363637,29.029608426894725,1650
2,11,SGD,13.552897534613056,24.807664875558746,1650
2,11,persistencia,14.557449494949495,29.029646771558614,1650
2,12,SGD,13.233178791533927,24.542248341003056,1650
2,12,persistencia,14.558035353535352,29.02968915244399,1650
2,13,SGD,13.06594224322429,24.5528535624763,1650
2,13,persistencia,14.557065656565657,29.029616777824025,1650
2,14,SGD,13.121760825792494,24.626145680084587,1650
2,14,persistencia,14.556873737373738,29.029600194847834,1650
2,15,SGD,13.15876359968714,24.60734799056362,1650
2,15,persistencia,14.55919696969697,29.029786930384986,1650
2,16,SGD,12.632637303948705,24.310469892928932,1650
2,16,persistencia,14.559489898989899,29.029794750634306,1650
2,17,SGD,12.413840897489612,24.055862169024802,1650
2,17,persistencia,14.560146464646467,29.029808886229787,1650
2,18,SGD,12.38273456262877,23.591985099747042,1650
2,18,persistencia,14.561439393939393,29.029904642747027,1650
2,19,SGD,12.504233573525521,23.36210324531858,1650
2,19,persistencia,14.563035353535353,29.03001734414447,1650
2,20,SGD,12.415135145619539,23.31180928230538,1650
2,20,persistencia,14.57911616161616,29.042875073298344,1650
2,21,SGD,12.049233781231521,23.362768619576403,1650
2,21,persistencia,14.612883838383837,29.095429271211593,1650
2,22,SGD,12.12699605240599,23.53453800449289,1650
2,22,persistencia,14.675045454545455,29.246158741090646,1650
2,23,SGD,12.400555352769954,24.153456158849966,1650
2,23,persistencia,14.770237373737373,29.513408727420263,1650
2,24,SGD,12.934979864333258,24.682203445842408,1650
2,24,persistencia,14.852833333333333,29.708687376835204,1650
3,1,SGD,9.76277981255678,20.34022990410501,2182
3,1,persistencia,16.622393825566032,32.75661559642245,2182
3,2,SGD,11.792083695255139,23.681557030476377,2182
3,2,persistencia,16.62446379195772,32.756860465730256,2182
3,3,SGD,12.714092338713336,25.475251074428066,2182
3,3,persistencia,16.630765350161205,32.7581830081679,2182
3,4,SGD,13.583052681170937,26.2398640555485,2182
3,4,persistencia,16.63142223986484,32.75819737925957,2182
3,5,SGD,14.07370509229671,26.832869490089063,2182
3,5,persistencia,16.63492055944932,32.75860496690943,2182
3,6,SGD,14.244049874621972,27.06774914038988,2182
3,6,persistencia,16.635661469929,32.758625887885024,2182
3,7,SGD,14.27002518109255,27.218097841054572,2182
3,7,persistencia,16.641008246586505,32.759577975355775,2182
3,8,SGD,14.20292762643534,27.280880843151316,2182
3,8,persistencia,16.643399019577643,32.7597841413953,2182
3,9,SGD,14.16668313911836,27.418853934655203,2182
3,9,persistencia,16.64404827102891,32.75982889825897,2182
3,10,SGD,14.293849466937715,27.361150226074606,2182
3,10,persistencia,16.6491124323488,32.76108487313342,2182
3,11,SGD,14.337891199187037,27.371781621898336,2182
3,11,persistencia,16.648959667301444,32.76107453680777,2182
3,12,SGD,14.390064481596902,27.509200018571732,2182
3,12,persistencia,16.64882981701119,32.761064859128496,2182
3,13,SGD,14.6892404102825,27.532014337896562,2182
3,13,persistencia,16.648218756821763,32.761051802708636,2182
3,14,SGD,14.785254667226944,27.486805968269962,2182
3,14,persistencia,16.647760461679685,32.76102592300389,2182
3,15,SGD,14.397888931819514,27.45617865569278,2182
3,15,persistencia,16.646217534701382,32.760905041974105,2182
3,16,SGD,14.43671973259728,27.32423415254813,2182
3,16,persistencia,16.645881451597198,32.76089837384208,2182
3,17,SGD,14.221612008573755,27.130327897696723,2182
3,17,persistencia,16.645491900726434,32.76088955488568,2182
3,18,SGD,14.307170388476239,26.92405146110039,2182
3,18,persistencia,16.644132291804958,32.76081761978003,2182
3,19,SGD,14.103819977382642,26.455784522506175,2182
3,19,persistencia,16.643353190063433,32.760757769589574,2182
3,20,SGD,13.94400641982908,26.269148088794463,2182
3,20,persistencia,16.635531619638748,32.75408407895089,2182
3,21,SGD,13.799548967804167,25.895623789076435,2182
3,21,persistencia,16.60592575346093,32.71718486011402,2182
3,22,SGD,13.676780116247551,25.71494308744102,2182
3,22,persistencia,16.55373357503135,32.613208568741975,2182
3,23,SGD,13.561681590367963,25.58959604806998,2182
3,23,persistencia,16.48007026919573,32.43053317349221,2182
3,24,SGD,13.563450911740997,25.552852153157183,2182
3,24,persistencia,16.42111059916823,32.29603824987545,2182
4,1,SGD,5.793078924888969,10.008921946890235,2182
4,1,persistencia,6.62210252093072,13.558218501039843,2182
4,2,SGD,6.535116420114027,11.391050712260862,2182
4,2,persistencia,6.6221656518021295,13.558247380235807,2182
4,3,SGD,7.606093958806084,11.74070079768022,2182
4,3,persistencia,6.636045824637598,13.587794491622146,2182
4,4,SGD,8.463083435703831,12.08768529679072,2182
4,4,persistencia,6.65796088239466,13.62860707925796,2182
4,5,SGD,8.898582880773873,12.242665848300248,2182
4,5,persistencia,6.678928240288712,13.675463628573194,2182
4,6,SGD,8.992975021083405,12.266183589437773,2182
4,6,persistencia,6.704607843324336,13.731213731881677,2182
4,7,SGD,9.16522330310932,12.192074177762871,2182
4,7,persistencia,6.726360828073488,13.787179040421456,2182
4,8,SGD,9.129282439656226,12.284288985997001,2182
4,8,persistencia,6.752016403213217,13.849234906695354,2182
4,9,SGD,9.496009382045981,12.285985597188436,2182
4,9,persistencia,6.779443496332896,13.914217230236012,2182
4,10,SGD,9.122095660612638,12.081919636157481,2182
4,10,persistencia,6.801477426711472,13.973772415829254,2182
4,11,SGD,9.585666844795883,12.304894258966462,2182
4,11,persistencia,6.828941597954199,14.036550827156878,2182
4,12,SGD,9.535167535140838,12.275678562834292,2182
4,12,persistencia,6.857520397473238,14.104551225096094,2182
4,13,SGD,9.383916028925823,12.204751060452214,2182
4,13,persistencia,6.887229101773325,14.172727139060534,2182
4,14,SGD,9.474330151398961,12.246122497597494,2182
4,14,persistencia,6.916776846204292,14.242577381384184,2182
4,15,SGD,9.281488962678846,12.173924603378538,2182
4,15,persistencia,6.947485048425778,14.316524502816828,2182
4,16,SGD,9.176987327285385,12.165095742659911,2182
4,16,persistencia,6.980201554450614,14.398505478820129,2182
4,17,SGD,9.019531445798178,12.185111069161392,2182
4,17,persistencia,7.014422239622525,14.487714649831203,2182
4,18,SGD,8.623293888309142,12.048932352214276,2182
4,18,persistencia,7.050116550932036,14.58395604466784,2182
4,19,SGD,8.577875818594908,11.857209514586208,2182
4,19,persistencia,7.086589407413674,14.687273321697369,2182
4,20,SGD,7.947559216730526,11.576378027706546,2182
4,20,persistencia,7.115744261557508,14.788606757922091,2182
4,21,SGD,7.337366426237724,11.36641177913451,2182
4,21,persistencia,7.148457984735368,14.886039522361704,2182
4,22,SGD,7.954466757132111,11.403229838045716,2182
4,22,persistencia,7.180346220088105,14.97770594927744,2182
4,23,SGD,7.466439828427939,11.355200238827972,2182
4,23,persistencia,7.216167598840893,15.071557775817407,2182
4,24,SGD,7.488246184055795,11.167039118234666,2182
4,24,persistencia,7.243907150019092,15.144567227644544,2182
